{
    "created_at": "Sun Jun 01 01:46:30 +0000 2014",
    "id": 472917071706087425,
    "id_str": "472917071706087425",
    "text": "@elgreg Here's a reply if you need one. And a #hashtag. Tweeple devs looooove #hashtags.",
    "source": "<a href=\"https://twitter.com/download/android\" rel=\"nofollow\">Twitter for Android Tablets</a>",
    "truncated": false,
    "in_reply_to_status_id": 472915502898368512,
    "in_reply_to_status_id_str": "472915502898368512",
    "in_reply_to_user_id": 1068061,
    "in_reply_to_user_id_str": "1068061",
    "in_reply_to_screen_name": "elgreg",
    "user": {
      "id": 84447535,
      "id_str": "84447535",
      "name": "Josh Cincinnati",
      "screen_name": "ACityInOhio",
      "location": "NoVa",
      "description": "Renersatz Man. Loves tech, math, art, green tea, and jokes.",
      "url": "http://t.co/zks1bX6FIV",
      "entities": {
        "url": {
          "urls": [
            {
              "url": "http://t.co/zks1bX6FIV",
              "expanded_url": "http://bitbanter.com/",
              "display_url": "bitbanter.com",
              "indices": [
                0,
                22
              ]
            }
          ]
        },
        "description": {
          "urls": []
        }
      },
      "protected": false,
      "followers_count": 456,
      "friends_count": 339,
      "listed_count": 6,
      "created_at": "Thu Oct 22 23:03:08 +0000 2009",
      "favourites_count": 1739,
      "utc_offset": -18000,
      "time_zone": "Central Time (US & Canada)",
      "geo_enabled": true,
      "verified": false,
      "statuses_count": 3790,
      "lang": "en",
      "contributors_enabled": false,
      "is_translator": false,
      "is_translation_enabled": false,
      "profile_background_color": "FEFEFE",
      "profile_background_image_url": "http://pbs.twimg.com/profile_background_images/156621087/twitterbg.png",
      "profile_background_image_url_https": "https://pbs.twimg.com/profile_background_images/156621087/twitterbg.png",
      "profile_background_tile": false,
      "profile_image_url": "http://pbs.twimg.com/profile_images/3122680291/d26d863f9f44d7ab39b398819c379849_normal.jpeg",
      "profile_image_url_https": "https://pbs.twimg.com/profile_images/3122680291/d26d863f9f44d7ab39b398819c379849_normal.jpeg",
      "profile_banner_url": "https://pbs.twimg.com/profile_banners/84447535/1358471019",
      "profile_link_color": "684FF5",
      "profile_sidebar_border_color": "FFFFFF",
      "profile_sidebar_fill_color": "FFF7CC",
      "profile_text_color": "000000",
      "profile_use_background_image": false,
      "default_profile": false,
      "default_profile_image": false,
      "following": null,
      "follow_request_sent": null,
      "notifications": null
    },
    "geo": null,
    "coordinates": null,
    "place": null,
    "contributors": null,
    "retweet_count": 0,
    "favorite_count": 0,
    "entities": {
      "hashtags": [
        {
          "text": "hashtag",
          "indices": [
            46,
            54
          ]
        },
        {
          "text": "hashtags",
          "indices": [
            78,
            87
          ]
        }
      ],
      "symbols": [],
      "urls": [],
      "user_mentions": [
        {
          "screen_name": "elgreg",
          "name": "Greg",
          "id": 1068061,
          "id_str": "1068061",
          "indices": [
            0,
            7
          ]
        }
      ]
    },
    "favorited": false,
    "retweeted": false,
    "lang": "en"
  }
}
